tag.code,tagger,release
G720019A1,tagger.A,early
G72002FC2,tagger.A,early
G72004FA7,tagger.A,early
G720087AF,tagger.A,early
G720091EF,tagger.A,early
G72013D27,tagger.A,early
G7201587D,tagger.A,early
G720174FD,tagger.A,early
G72019F34,tagger.A,early
G7201A277,tagger.A,early
G7201B108,tagger.A,early
G7201B894,tagger.A,early
G7201C34C,tagger.A,early
G7201D452,tagger.A,early
G7201DE2C,tagger.A,early
G7201E36F,tagger.A,early
G72026054,tagger.A,early
G720274A8,tagger.A,early
G7202AD63,tagger.A,early
G7202E4B9,tagger.A,early
G72030A8B,tagger.A,early
G72030C56,tagger.A,early
G72031A16,tagger.A,early
G720337C8,tagger.A,early
G720339D7,tagger.A,early
G720359B2,tagger.A,early
G7203622C,tagger.A,early
G72038A07,tagger.A,early
G72039767,tagger.A,early
G7203B95B,tagger.A,early
G7203DEBD,tagger.A,early
G7203EE03,tagger.A,early
G7203F363,tagger.A,early
G72041A78,tagger.A,early
G7204351A,tagger.A,early
G72044261,tagger.A,early
G72044BFD,tagger.A,early
G72046962,tagger.A,early
G72046A80,tagger.A,early
G72046FBF,tagger.A,early
G72047F22,tagger.A,early
G7204908A,tagger.A,early
G7204AB14,tagger.A,early
G7204D0CC,tagger.A,early
G7204D74F,tagger.A,early
G7204DBEC,tagger.A,early
G7204E9EE,tagger.A,early
G7204FBCF,tagger.A,early
G720542A5,tagger.A,early
G72054478,tagger.A,early
G72055846,tagger.A,early
G7205793B,tagger.A,early
G7205818D,tagger.A,early
G72058D2E,tagger.A,early
G72059E51,tagger.A,early
G7205B133,tagger.A,early
G7205B38F,tagger.A,early
G7205B8AF,tagger.A,early
G7205BB4D,tagger.A,early
G7205C5AA,tagger.A,early
G7205E4D7,tagger.A,early
G7205EFF7,tagger.A,early
G7205F297,tagger.A,early
G72060996,tagger.A,early
G7206865B,tagger.A,early
G7206AFE4,tagger.A,early
G7206C322,tagger.A,early
G7206C743,tagger.A,early
G7206C802,tagger.A,early
G7206E1BD,tagger.A,early
G7206EA9D,tagger.A,early
G72070613,tagger.A,early
G720744E9,tagger.A,early
G72074E97,tagger.A,early
G7207A7E2,tagger.A,early
G7207DBB9,tagger.A,early
G7207E3C5,tagger.A,early
G7207F358,tagger.A,early
G7207FC19,tagger.A,early
G72081CE8,tagger.A,early
G72082837,tagger.A,early
G72084FD1,tagger.A,early
G720858CF,tagger.A,early
G7208AB59,tagger.A,early
G7208CB3C,tagger.A,early
G7208E3DD,tagger.A,early
G7208E8FD,tagger.A,early
G7208EF7E,tagger.A,early
G7208F67F,tagger.A,early
G72090473,tagger.A,early
G72090CB1,tagger.A,early
G72091C2C,tagger.A,early
G72092031,tagger.A,early
G720931F2,tagger.A,early
G7209410A,tagger.A,early
G7209A1E3,tagger.A,early
G7209B3C2,tagger.A,early
G7209B441,tagger.A,early
G7209C33A,tagger.A,early
G7209C605,tagger.A,early
G7209C944,tagger.A,early
G7209CF99,tagger.A,early
G7209E626,tagger.A,early
G7209E967,tagger.A,early
G7209F384,tagger.A,early
G720A4E1E,tagger.A,early
G720A651D,tagger.A,early
G720A6DDF,tagger.A,early
G720AAC4B,tagger.A,early
G720AC650,tagger.A,early
G720ACAF3,tagger.A,early
G720ACBAD,tagger.A,early
G720AD2AC,tagger.A,early
G720AD8D2,tagger.A,early
G720AFA4D,tagger.A,early
G720B3F7C,tagger.A,early
G720B40C5,tagger.A,early
G720BA172,tagger.A,early
G720BAB0C,tagger.A,early
G720BB353,tagger.A,early
G720BE8A8,tagger.A,early
G720BE9F6,tagger.A,early
G720BEB4A,tagger.A,early
G720BF496,tagger.A,early
G720BF5C8,tagger.A,early
G720C0251,tagger.A,early
G720C0EF2,tagger.A,early
G720C16AD,tagger.A,early
G720C2190,tagger.A,early
G720C2AB0,tagger.A,early
G720C2C6D,tagger.A,early
G720C3891,tagger.A,early
G720C4594,tagger.A,early
G720C5DCB,tagger.A,early
G720C7B35,tagger.A,early
G720C7E0A,tagger.A,early
G720C82DD,tagger.A,early
G720C8D9C,tagger.A,early
G720C977F,tagger.A,early
G720C9A82,tagger.A,early
G720CAE5D,tagger.A,early
G720CBC7C,tagger.A,early
G720CC179,tagger.A,early
G720CDFFB,tagger.A,early
G720CE465,tagger.A,early
G720CE998,tagger.A,early
G720CEA7A,tagger.A,early
G720CFAE7,tagger.A,early
G720D14D5,tagger.A,early
G720D1C17,tagger.A,early
G720D2DF7,tagger.A,early
G720D322B,tagger.A,early
G720D406F,tagger.A,early
G720D4550,tagger.A,early
G720D49F3,tagger.A,early
G720D4E70,tagger.A,early
G720D6112,tagger.A,early
G720D7D2C,tagger.A,early
G720D8D58,tagger.A,early
G720D96E5,tagger.A,early
G720D9B18,tagger.A,early
G720DA1D8,tagger.A,early
G720DA364,tagger.A,early
G720DAFC7,tagger.A,early
G720DD120,tagger.A,early
G720DE27C,tagger.A,early
G720DE802,tagger.A,early
G720E0F3D,tagger.A,early
G720E327E,tagger.A,early
G720E43D8,tagger.A,early
G720E50A7,tagger.A,early
G720E51F9,tagger.A,early
G720E7918,tagger.A,early
G720E9133,tagger.A,early
G720E9CCE,tagger.A,early
G720EA60E,tagger.A,early
G720EC20A,tagger.A,early
G720EC354,tagger.A,early
G720ECB96,tagger.A,early
G720ECEA9,tagger.A,early
G720ED7A8,tagger.A,early
G720EF2B4,tagger.A,early
G720EF8CA,tagger.A,early
G720EFA76,tagger.A,early
G720F0587,tagger.A,early
G720F4242,tagger.A,early
G720F58A1,tagger.A,early
G720F5A1D,tagger.A,early
G720F8E2B,tagger.A,early
G720F9596,tagger.A,early
G720FB5B5,tagger.A,early
G720FDBCF,tagger.A,early
G720FE2ED,tagger.A,early
G720FFC6F,tagger.A,early
G721048C8,tagger.A,early
G72105AE9,tagger.A,early
G721085FF,tagger.A,early
G7210DE04,tagger.A,early
G7210F8FA,tagger.A,early
G72110E97,tagger.A,early
G72116C4E,tagger.A,early
G72118998,tagger.A,early
G7211AF66,tagger.A,early
G72123402,tagger.A,early
G721239FF,tagger.A,early
G721260B8,tagger.A,early
G721282ED,tagger.A,early
G72128430,tagger.A,early
G72129AB2,tagger.A,early
G7212AB52,tagger.A,early
G7212C528,tagger.A,early
G721311DA,tagger.A,early
G72132DC7,tagger.A,early
G72134560,tagger.A,early
G7213725D,tagger.A,early
G7213797D,tagger.A,early
G72139994,tagger.A,early
G7213B297,tagger.A,early
G7213EBD0,tagger.A,early
G72141637,tagger.A,early
G721443D3,tagger.A,early
G7214534E,tagger.A,early
G72147BAF,tagger.A,early
G72149E79,tagger.A,early
G7214E1C0,tagger.A,early
G72152713,tagger.A,early
G72155068,tagger.A,early
G72155F29,tagger.A,early
G7215704B,tagger.A,early
G72157A35,tagger.A,early
G72157DB6,tagger.A,early
G72158283,tagger.A,early
G721583DD,tagger.A,early
G7215993E,tagger.A,early
G72159EBD,tagger.A,early
G7215A3FE,tagger.A,early
G7215ADE1,tagger.A,early
G7215BE9E,tagger.A,early
G7215FC64,tagger.A,early
G721601B8,tagger.A,early
G72163058,tagger.A,early
G72163DA5,tagger.A,early
G7216459F,tagger.A,early
G72168CC9,tagger.A,early
G7216B5EB,tagger.A,early
G7216B948,tagger.A,early
G7216C44D,tagger.A,early
G7216C7AF,tagger.A,early
G7216CF6D,tagger.A,early
G7216D4D0,tagger.A,early
G7216E46E,tagger.A,early
G7216F5AD,tagger.A,early
G7216F64F,tagger.A,early
G72170C81,tagger.A,early
G72171B9F,tagger.A,early
G721731C2,tagger.A,early
G7217583B,tagger.A,early
G72175D04,tagger.A,early
G72176426,tagger.A,early
G72178EB1,tagger.A,early
G7217AD70,tagger.A,early
G7217BB30,tagger.A,early
G7217D6A8,tagger.A,early
G7217DD88,tagger.A,early
G72183E9B,tagger.A,early
G7218441D,tagger.A,early
G7218719C,tagger.A,early
G7218C832,tagger.A,early
G7218EAAD,tagger.A,early
G72190623,tagger.A,early
G72192183,tagger.A,early
G721964FA,tagger.A,early
G72196BBB,tagger.A,early
G7219976C,tagger.A,early
G72199EF0,tagger.A,early
G7219F848,tagger.A,early
G721AA787,tagger.A,early
G721AAA7A,tagger.A,early
G721AAE1B,tagger.A,early
G721AC2DD,tagger.A,early
G721AEA3C,tagger.A,early
G721AEB62,tagger.A,early
G721B10F2,tagger.A,early
G721B1C51,tagger.A,early
G721B2A32,tagger.A,early
G721B2E53,tagger.A,early
G721B3813,tagger.A,early
G721B394D,tagger.A,early
G721B49B5,tagger.A,early
G721B5B94,tagger.A,early
G721B66D7,tagger.A,early
G721B7D6A,tagger.A,early
G721B85DC,tagger.A,early
G721BBCFE,tagger.A,early
G721BBE42,tagger.A,early
G721BD038,tagger.A,early
G721BDF79,tagger.A,early
G721BF987,tagger.A,early
G721C08C3,tagger.A,early
G721C14FD,tagger.A,early
G721C185E,tagger.A,early
G721C1D61,tagger.A,early
G721C2022,tagger.A,early
G721C26FF,tagger.A,early
G721C4119,tagger.A,early
G721C4B67,tagger.A,early
G721CBB13,tagger.A,early
G721CF414,tagger.A,early
G721D4D7E,tagger.A,early
G721DAB4A,tagger.A,early
G721DDFD3,tagger.A,early
G721E0BB0,tagger.A,early
G721E2B93,tagger.A,early
G721E52F7,tagger.A,early
G721E8A62,tagger.A,early
G721E8B3C,tagger.A,early
G721EA3DD,tagger.A,early
G721EB721,tagger.A,early
G721EBC01,tagger.A,early
G721ECE45,tagger.A,early
G721EE127,tagger.A,early
G72201960,tagger.A,early
G7220333D,tagger.A,early
G7220375C,tagger.A,early
G7220381D,tagger.A,early
G72205206,tagger.A,early
G72206A7A,tagger.A,early
G72207644,tagger.A,early
G7220A74D,tagger.A,early
G7220B891,tagger.A,early
G7220CFEA,tagger.A,early
G7220DA48,tagger.A,early
G7220E234,tagger.A,early
G7220E36A,tagger.A,early
G7220F52A,tagger.A,early
G7220FA6B,tagger.A,early
G722100A5,tagger.A,early
G722117BB,tagger.A,early
G72211F79,tagger.A,early
G7221265B,tagger.A,early
G722136C6,tagger.A,early
G72216322,tagger.A,early
G7221958B,tagger.A,early
G7221C550,tagger.A,early
G7221CCCC,tagger.A,early
G7221FC72,tagger.A,early
G7221FF90,tagger.A,early
G7222062D,tagger.A,early
G722224B2,tagger.A,early
G7222260E,tagger.A,early
G72222ECC,tagger.A,early
G722232F2,tagger.A,early
G72223DB3,tagger.A,early
G72223E51,tagger.A,early
G722265AA,tagger.A,early
G72226BB5,tagger.A,early
G7222E3FB,tagger.A,early
G722314C8,tagger.A,early
G72231EB6,tagger.A,early
G722351B1,tagger.A,early
G72235253,tagger.A,early
G7223610F,tagger.A,early
G7223656E,tagger.A,early
G722369CD,tagger.A,early
G72237C6F,tagger.A,early
G7223835A,tagger.A,early
G7223B99A,tagger.A,early
G7223F040,tagger.A,early
G722435DB,tagger.A,early
G72243639,tagger.A,early
G7224447D,tagger.A,early
G7224767F,tagger.A,early
G72248814,tagger.A,early
G722497C8,tagger.A,early
G7224A317,tagger.A,early
G7224AA8B,tagger.A,early
G7224C90C,tagger.A,early
G7224CBB0,tagger.A,early
G7224D532,tagger.A,early
G7224E871,tagger.A,early
G7224EFF2,tagger.A,early
G72251A7D,tagger.A,early
G72253DDD,tagger.A,early
G72254F99,tagger.A,early
G72256D06,tagger.A,early
G7225984D,tagger.A,early
G72259C2C,tagger.A,early
G7225E2CB,tagger.A,early
G7225F308,tagger.A,early
G7225FFAB,tagger.A,early
G722605F4,tagger.A,early
G72262FA9,tagger.A,early
G72265793,tagger.A,early
G72268047,tagger.A,early
G722689DB,tagger.A,early
G72268B67,tagger.A,early
G72268DBA,tagger.A,early
G72269266,tagger.A,early
G72269F9B,tagger.A,early
G7226AE7B,tagger.A,early
G7226BEE6,tagger.A,early
G7226C15F,tagger.A,early
G7226C782,tagger.A,early
G7226D5A3,tagger.A,early
G7226FAC1,tagger.A,early
G72272290,tagger.A,early
G72272513,tagger.A,early
G72272DD1,tagger.A,early
G722766B7,tagger.A,early
G722770F7,tagger.A,early
G722771A9,tagger.A,early
G72277D0A,tagger.A,early
G72278FC2,tagger.A,early
G722793FC,tagger.A,early
G7227B6E0,tagger.A,early
G7227E1B8,tagger.A,late
G7227E97A,tagger.A,late
G72280B37,tagger.A,late
G7228216A,tagger.A,late
G722827B7,tagger.A,late
G722855F3,tagger.A,late
G722869EE,tagger.A,late
G72286D8F,tagger.A,late
G72288C38,tagger.A,late
G722892BA,tagger.A,late
G72289785,tagger.A,late
G72289CA5,tagger.A,late
G7228D421,tagger.A,late
G7228D57F,tagger.A,late
G7228DB60,tagger.A,late
G7228E1A0,tagger.A,late
G7229094F,tagger.A,late
G72290ECC,tagger.A,late
G72291CED,tagger.A,late
G7229262D,tagger.A,late
G72292A8E,tagger.A,late
G722941CB,tagger.A,late
G72294C36,tagger.A,late
G72295156,tagger.A,late
G72295B28,tagger.A,late
G72297A55,tagger.A,late
G7229995E,tagger.A,late
G7229F598,tagger.A,late
G7229F865,tagger.A,late
G722A1DE6,tagger.A,late
G722A65DC,tagger.A,late
G722A76A3,tagger.A,late
G722A79E2,tagger.A,late
G722A7F3F,tagger.A,late
G722A8E15,tagger.A,late
G722A95A8,tagger.A,late
G722AA029,tagger.A,late
G722AAE36,tagger.A,late
G722AB0B4,tagger.A,late
G722ABEAB,tagger.A,late
G722AC2F0,tagger.A,late
G722ACE53,tagger.A,late
G722AD333,tagger.A,late
G722B0A3C,tagger.A,late
G722B0DBF,tagger.A,late
G722B14BE,tagger.A,late
G722B1F9E,tagger.A,late
G722B26BC,tagger.A,late
G722B2D9C,tagger.A,late
G722B331E,tagger.A,late
G722B3A82,tagger.A,late
G722B6C84,tagger.A,late
G722B7358,tagger.A,late
G722B7878,tagger.A,late
G722B80CE,tagger.A,late
G722B8613,tagger.A,late
G722BAFAC,tagger.A,late
G722BDE0A,tagger.A,late
G722C1873,tagger.A,late
G722C246E,tagger.A,late
G722C4E75,tagger.A,late
G722C821C,tagger.A,late
G722C893C,tagger.A,late
G722CAC20,tagger.A,late
G722CD125,tagger.A,late
G722D2329,tagger.A,late
G722D670E,tagger.A,late
G722D714E,tagger.A,late
G722D72AC,tagger.A,late
G722DD0BF,tagger.A,late
G722DDAC1,tagger.A,late
G722DE460,tagger.A,late
G722E7DB8,tagger.A,late
G722E8A4F,tagger.A,late
G722E986E,tagger.A,late
G722EACB1,tagger.A,late
G722EB70C,tagger.A,late
G722EEDA9,tagger.A,late
G722EF614,tagger.A,late
G722EFED6,tagger.A,late
G722F0E66,tagger.A,late
G722F601C,tagger.A,late
G722F62A0,tagger.A,late
G722F7363,tagger.A,late
G722F8D08,tagger.A,late
G722FA4B7,tagger.A,late
G722FAC75,tagger.A,late
G722FD511,tagger.A,late
G722FE372,tagger.A,late
G722FF8CF,tagger.A,late
G723001D3,tagger.A,late
G723004EC,tagger.A,late
G72300AF3,tagger.A,late
G7230198C,tagger.A,late
G72303F72,tagger.A,late
G72306254,tagger.A,late
G72306635,tagger.A,late
G7230676B,tagger.A,late
G7230815F,tagger.A,late
G72309AE2,tagger.A,late
G7230AC81,tagger.A,late
G7230AF63,tagger.A,late
G7230B4DE,tagger.A,late
G72310049,tagger.A,late
G72311268,tagger.A,late
G723122D6,tagger.A,late
G72314530,tagger.A,late
G72315711,tagger.A,late
G72316A52,tagger.A,late
G723170B1,tagger.A,late
G72319F19,tagger.A,late
G7231BD86,tagger.A,late
G7231DDE3,tagger.A,late
G7231E1FE,tagger.A,late
G7231F163,tagger.A,late
G7232001C,tagger.A,late
G72320E03,tagger.A,late
G723243B8,tagger.A,late
G72325744,tagger.A,late
G72325C64,tagger.A,late
G723270E4,tagger.A,late
G72327767,tagger.A,late
G72327BC4,tagger.A,late
G7232AFF2,tagger.A,late
G7232D574,tagger.A,late
G7232E969,tagger.A,late
G7232F38A,tagger.A,late
G7232F9F4,tagger.A,late
G7233111B,tagger.A,late
G7233249A,tagger.A,late
G723332DA,tagger.A,late
G72333F27,tagger.A,late
G7233553C,tagger.A,late
G72335F42,tagger.A,late
G723378E2,tagger.A,late
G72338689,tagger.A,late
G7233B256,tagger.A,late
G7233BC49,tagger.A,late
G7233C791,tagger.A,late
G7233CE0D,tagger.A,late
G7233E9AD,tagger.A,late
G7233FAD2,tagger.A,late
G723432B4,tagger.A,late
G72343994,tagger.A,late
G72343E17,tagger.A,late
G72345133,tagger.A,late
G723464B2,tagger.A,late
G7234694F,tagger.A,late
G72348DC7,tagger.A,late
G72348F7B,tagger.A,late
G72349345,tagger.A,late
G7234AF58,tagger.A,late
G7234B707,tagger.A,late
G7234DD1C,tagger.A,late
G7234F741,tagger.A,late
G7234FABC,tagger.A,late
G72351973,tagger.A,late
G723554C8,tagger.A,late
G723568D5,tagger.A,late
G72356DEA,tagger.A,late
G72358623,tagger.A,late
G723596BE,tagger.A,late
G7235B7C3,tagger.A,late
G7235F539,tagger.A,late
G723614DB,tagger.A,late
G72363099,tagger.A,late
G7236531E,tagger.A,late
G72365EE3,tagger.A,late
G72366B62,tagger.A,late
G72366F03,tagger.A,late
G7236A088,tagger.A,late
G7236B015,tagger.A,late
G7236B2A9,tagger.A,late
G7236BE0A,tagger.A,late
G7236C76E,tagger.A,late
G7236E613,tagger.A,late
G7236EBEE,tagger.A,late
G7236F68E,tagger.A,late
G7236FB73,tagger.A,late
G72370301,tagger.A,late
G72374867,tagger.A,late
G72375507,tagger.A,late
G7237623A,tagger.A,late
G72379A8C,tagger.A,late
G72379C51,tagger.A,late
G7237AE53,tagger.A,late
G7237B813,tagger.A,late
G7237D356,tagger.A,late
G7237E154,tagger.A,late
G7237F097,tagger.A,late
G7237F64A,tagger.A,late
G723800FB,tagger.A,late
G72381407,tagger.A,late
G72383DB8,tagger.A,late
G723840BD,tagger.A,late
G72384FFC,tagger.A,late
G723853C2,tagger.A,late
G723857A3,tagger.A,late
G7238609E,tagger.A,late
G72388CD4,tagger.A,late
G7238B5F6,tagger.A,late
G7238D0AC,tagger.A,late
G7238DB8C,tagger.A,late
G7238DFED,tagger.A,late
G7238EB32,tagger.A,late
G7238FAF1,tagger.A,late
G72391721,tagger.A,late
G72391EBD,tagger.A,late
G72393AFF,tagger.A,late
G72397C64,tagger.A,late
G72398C10,tagger.A,late
G72399E31,tagger.A,late
G7239A372,tagger.A,late
G7239B46C,tagger.A,late
G7239BB2D,tagger.A,late
G7239D409,tagger.A,late
G7239D8AA,tagger.A,late
G7239F7C8,tagger.A,late
G723A35EB,tagger.A,late
G723A3F95,tagger.A,late
G723A4B0C,tagger.A,late
G723A7E8D,tagger.A,late
G723A8BC6,tagger.A,late
G723A8EF9,tagger.A,late
G723A9544,tagger.A,late
G723AA618,tagger.A,late
G723AAD38,tagger.A,late
G723AC723,tagger.A,late
G723AD8FF,tagger.A,late
G723AFA60,tagger.A,late
G723B3793,tagger.A,late
G723B6D36,tagger.A,late
G723B9D42,tagger.A,late
G723BACA2,tagger.A,late
G723BC405,tagger.A,late
G723C0322,tagger.A,late
G723C491A,tagger.A,late
G723C6EBA,tagger.A,late
G723C918F,tagger.A,late
G723C95EE,tagger.A,late
G723CC46B,tagger.A,late
G723CC535,tagger.A,late
G723CD855,tagger.A,late
G723CE029,tagger.A,late
G723CF669,tagger.A,late
G723D08C6,tagger.A,late
G723D0CA7,tagger.A,late
G723D0E1B,tagger.A,late
G723D3585,tagger.A,late
G723D411C,tagger.A,late
G723D4A3C,tagger.A,late
G723DB9AA,tagger.A,late
G723DBA48,tagger.A,late
G723DBF77,tagger.A,late
G723DD7D0,tagger.A,late
G723DE0ED,tagger.A,late
G723E376C,tagger.A,late
G723E3A91,tagger.A,late
G723E6A4A,tagger.A,late
G723E786B,tagger.A,late
G723E9B60,tagger.A,late
G723ED99A,tagger.A,late
G723F292A,tagger.A,late
G723F3E34,tagger.A,late
G723F696C,tagger.A,late
G723F740C,tagger.A,late
G72409174,tagger.A,late
G724133A3,tagger.A,late
G72413A3F,tagger.A,late
G72414FF8,tagger.A,late
G7241A2EC,tagger.A,late
G7241AA2E,tagger.A,late
G7241BF8C,tagger.A,late
G7241E016,tagger.A,late
G7241E8D4,tagger.A,late
G7241EE09,tagger.A,late
G7241F369,tagger.A,late
G72420348,tagger.A,late
G724221D7,tagger.A,late
G7242236B,tagger.A,late
G72424250,tagger.A,late
G72425A0F,tagger.A,late
G7242D620,tagger.A,late
G7242E881,tagger.A,late
G7242F262,tagger.A,late
G72430551,tagger.A,late
G72432E52,tagger.A,late
G724335EF,tagger.A,late
G72434449,tagger.A,late
G72434DD5,tagger.A,late
G72435929,tagger.A,late
G724398BD,tagger.A,late
G7243AEDE,tagger.A,late
G7243CADA,tagger.A,late
G7243EC24,tagger.A,late
G72443EA1,tagger.A,late
G72448230,tagger.A,late
G7244ED14,tagger.A,late
G7245491E,tagger.A,late
G72454BA2,tagger.A,late
G72455520,tagger.A,late
G7245E3CF,tagger.A,late
G72465114,tagger.A,late
G724682A1,tagger.A,late
G72468522,tagger.A,late
G7246923C,tagger.A,late
G7246D745,tagger.A,late
G7247174B,tagger.A,late
G72474013,tagger.A,late
G72475BAE,tagger.A,late
G724767B3,tagger.A,late
G72477592,tagger.A,late
G72477D50,tagger.A,late
G7247A966,tagger.A,late
G7247BB47,tagger.A,late
G7247BD9A,tagger.A,late
G7247C903,tagger.A,late
G7247DB22,tagger.A,late
G7247F17F,tagger.A,late
G7247F51E,tagger.A,late
G7247FDDC,tagger.A,late
G72480DB0,tagger.A,late
G72481BF0,tagger.A,late
G72482B4E,tagger.A,late
G72483492,tagger.A,late
G7248396F,tagger.A,late
G72483A8D,tagger.A,late
G7248819F,tagger.A,late
G72488EDE,tagger.A,late
G7248A1BC,tagger.A,late
G7248A63F,tagger.A,late
G7248A97E,tagger.A,late
G7248AC41,tagger.A,late
G7248BA01,tagger.A,late
G7248BF3E,tagger.A,late
G7248CC24,tagger.A,late
G7248D47B,tagger.A,late
G7248D799,tagger.A,late
G7248DB3A,tagger.A,late
G72492FEB,tagger.A,late
G72493C94,tagger.A,late
G72493E28,tagger.A,late
G724952EE,tagger.A,late
G72495E4D,tagger.A,late
G72495F13,tagger.A,late
G72496EF3,tagger.A,late
G7249712F,tagger.A,late
G72498E1A,tagger.A,late
G72499AE6,tagger.A,late
G7249CCE0,tagger.A,late
G724A9D30,tagger.A,late
G724AE8F7,tagger.A,late
G724B2B1B,tagger.A,late
G724B6D80,tagger.A,late
G724B8AEA,tagger.A,late
G724CB9D8,tagger.A,late
G724CBDB9,tagger.A,late
G724CC73F,tagger.A,late
G724CCC1F,tagger.A,late
G724D1B0F,tagger.A,late
G724D3F4D,tagger.A,late
G724D4BD4,tagger.A,late
G724E18B8,tagger.A,late
G724E57BF,tagger.A,late
G724E61DC,tagger.A,late
G724E9834,tagger.A,late
G724EB5EA,tagger.A,late
G724F4B45,tagger.A,late
G724FB8D3,tagger.A,late
G72502A8A,tagger.A,late
G72502EEB,tagger.A,late
G72506350,tagger.A,late
G72508B7B,tagger.A,late
G7250EA40,tagger.A,late
G7250EC9D,tagger.A,late
G7250F21F,tagger.A,late
G7251098F,tagger.A,late
G7251184C,tagger.A,late
G72512030,tagger.A,late
G72514B75,tagger.A,late
G725150C8,tagger.A,late
G72517829,tagger.A,late
G72517977,tagger.A,late
G72518BBF,tagger.A,late
G72519E1D,tagger.A,late
G7251BB01,tagger.A,late
G7251BE3E,tagger.A,late
G7251C75A,tagger.A,late
G7251CEC6,tagger.A,late
G7251DE5B,tagger.A,late
G7251E779,tagger.A,late
G7251EC59,tagger.A,late
G725203A4,tagger.A,late
G72522E7A,tagger.A,late
G72524DFD,tagger.A,late
G72524F41,tagger.A,late
G72527FFF,tagger.A,late
G72528749,tagger.A,late
G7252A0E9,tagger.A,late
G7252C5B3,tagger.A,late
G7252CAF2,tagger.A,late
G7252E0AF,tagger.A,late
G7252EEB0,tagger.A,late
G7252EFEE,tagger.A,late
G7252F032,tagger.A,late
G7252F3D0,tagger.A,late
G72530E9D,tagger.A,late
G7253179C,tagger.A,late
G72533B1C,tagger.A,late
G725340C4,tagger.A,late
G72536825,tagger.A,late
G7253697B,tagger.A,late
G72538F4F,tagger.A,late
G7253CCEB,tagger.A,late
G7253DC76,tagger.A,late
G7253EA15,tagger.A,late
G7253F62B,tagger.A,late
G72541071,tagger.A,late
G7254154E,tagger.B,early
G725416AC,tagger.B,early
G72541F30,tagger.B,early
G72544EB5,tagger.B,early
G72545F76,tagger.B,early
G725461D7,tagger.B,early
G72546915,tagger.B,early
G7254AA3D,tagger.B,early
G7254C6FB,tagger.B,early
G7254C8E4,tagger.B,early
G7254E786,tagger.B,early
G7254F5A7,tagger.B,early
G72550294,tagger.B,early
G725510B5,tagger.B,early
G72552788,tagger.B,early
G72552CA8,tagger.B,early
G72553374,tagger.B,early
G7255406E,tagger.B,early
G725548AC,tagger.B,early
G725549F2,tagger.B,early
G72554B4E,tagger.B,early
G72556113,tagger.B,early
G72556690,tagger.B,early
G725569D1,tagger.B,early
G725570D0,tagger.B,early
G7255794C,tagger.B,early
G72557D2D,tagger.B,early
G72558ADA,tagger.B,early
G72559285,tagger.B,early
G725597BA,tagger.B,early
G7255B2A6,tagger.B,early
G7255C97E,tagger.B,early
G7255CEFD,tagger.B,early
G7255F7DF,tagger.B,early
G72565AD8,tagger.B,early
G72569132,tagger.B,early
G7256940D,tagger.B,early
G7257035B,tagger.B,early
G72572378,tagger.B,early
G72572D67,tagger.B,early
G72572FDB,tagger.B,early
G725741A1,tagger.B,early
G72575062,tagger.B,early
G725758A0,tagger.B,early
G72576182,tagger.B,early
G72577A3F,tagger.B,early
G72577DBC,tagger.B,early
G725786E8,tagger.B,early
G7257A016,tagger.B,early
G7257BAF5,tagger.B,early
G7257C9EF,tagger.B,early
G7257D972,tagger.B,early
G7257F951,tagger.B,early
G7258223E,tagger.B,early
G7258347E,tagger.B,early
G72583B3F,tagger.B,early
G72583E00,tagger.B,early
G72584305,tagger.B,early
G72585124,tagger.B,early
G725857F9,tagger.B,early
G725864A5,tagger.B,early
G72587438,tagger.B,early
G72587DA4,tagger.B,early
G7258E695,tagger.B,early
G7258FAAB,tagger.B,early
G7259177B,tagger.B,early
G72593BFB,tagger.B,early
G72595202,tagger.B,early
G72597901,tagger.B,early
G7259AED5,tagger.B,early
G7259B057,tagger.B,early
G7259C72C,tagger.B,early
G7259D3D0,tagger.B,early
G7259E36E,tagger.B,early
G7259E5B3,tagger.B,early
G7259E84E,tagger.B,early
G7259EE93,tagger.B,early
G725A03D2,tagger.B,early
G725A26CE,tagger.B,early
G725A2A6D,tagger.B,early
G725A55D4,tagger.B,early
G725A6B75,tagger.B,early
G725A6DA8,tagger.B,early
G725A6E4A,tagger.B,early
G725A96FC,tagger.B,early
G725A9C82,tagger.B,early
G725AABBF,tagger.B,early
G725AB53D,tagger.B,early
G725AB6DF,tagger.B,early
G725AC49B,tagger.B,early
G725ADA19,tagger.B,early
G725AE187,tagger.B,early
G725AF2F8,tagger.B,early
G725B2815,tagger.B,early
G725B2C74,tagger.B,early
G725B3DB7,tagger.B,early
G725B3E55,tagger.B,early
G725B40B2,tagger.B,early
G725B4FF3,tagger.B,early
G725B544E,tagger.B,early
G725B5510,tagger.B,early
G725B65AE,tagger.B,early
G725B7533,tagger.B,early
G725B778F,tagger.B,early
G725B88BA,tagger.B,early
G725B8A06,tagger.B,early
G725BA3B9,tagger.B,early
G725BC282,tagger.B,early
G725BD21F,tagger.B,early
G725BF362,tagger.B,early
G725BF842,tagger.B,early
G725BFE9F,tagger.B,early
G725C0AE4,tagger.B,early
G725C13E5,tagger.B,early
G725C21E7,tagger.B,early
G725C2205,tagger.B,early
G725C5CE2,tagger.B,early
G725C5E5E,tagger.B,early
G725C60FF,tagger.B,early
G725C7380,tagger.B,early
G725C79FE,tagger.B,early
G725C7E7D,tagger.B,early
G725C8148,tagger.B,early
G725C83F4,tagger.B,early
G725C8DEB,tagger.B,early
G725C94EA,tagger.B,early
G725C95B4,tagger.B,early
G725CC3B2,tagger.B,early
G725CCF11,tagger.B,early
G725CD74E,tagger.B,early
G725CE12D,tagger.B,early
G725CE391,tagger.B,early
G725CF1B0,tagger.B,early
G725D0A20,tagger.B,early
G725D161E,tagger.B,early
G725D3481,tagger.B,early
G725D3A9E,tagger.B,early
G725D4DE5,tagger.B,early
G725D54E4,tagger.B,early
G725D5706,tagger.B,early
G725D7C05,tagger.B,early
G725D99D3,tagger.B,early
G725DA1AF,tagger.B,early
G725E488F,tagger.B,early
G725EAFE5,tagger.B,early
G725ED05C,tagger.B,early
G725EE1BC,tagger.B,early
G725EFD82,tagger.B,early
G725F1E4D,tagger.B,early
G725F2FAD,tagger.B,early
G725F312F,tagger.B,early
G725F3A0F,tagger.B,early
G725F514A,tagger.B,early
G725F8E5C,tagger.B,early
G725F9180,tagger.B,early
G725FA9FC,tagger.B,early
G725FB5C2,tagger.B,early
G725FC6D8,tagger.B,early
G725FCF44,tagger.B,early
G725FDE87,tagger.B,early
G725FE6FB,tagger.B,early
G72602187,tagger.B,early
G7260281B,tagger.B,early
G72602BF9,tagger.B,early
G72603425,tagger.B,early
G72605440,tagger.B,early
G72605B01,tagger.B,early
G72606642,tagger.B,early
G726087F5,tagger.B,early
G72609977,tagger.B,early
G72609FAA,tagger.B,early
G7260A9C9,tagger.B,early
G7260B615,tagger.B,early
G7260BAB6,tagger.B,early
G7260BBE8,tagger.B,early
G7260C3D2,tagger.B,early
G7260CA4E,tagger.B,early
G7260D86F,tagger.B,early
G7260E52C,tagger.B,early
G72612981,tagger.B,early
G726151BB,tagger.B,early
G72618EAD,tagger.B,early
G7261F575,tagger.B,early
G7262006B,tagger.B,early
G7262040A,tagger.B,early
G72622577,tagger.B,early
G72624E32,tagger.B,early
G726251EE,tagger.B,early
G726297F9,tagger.B,early
G7262E4E3,tagger.B,early
G72631DCF,tagger.B,early
G726333F3,tagger.B,early
G72633470,tagger.B,early
G7263398D,tagger.B,early
G72633B31,tagger.B,early
G72633CB2,tagger.B,early
G72634488,tagger.B,early
G72634975,tagger.B,early
G72634EF6,tagger.B,early
G72635CD7,tagger.B,early
G7263851C,tagger.B,early
G726387A0,tagger.B,early
G72638C80,tagger.B,early
G72639581,tagger.B,early
G7263987C,tagger.B,early
G72639D43,tagger.B,early
G72639EA1,tagger.B,early
G7263C404,tagger.B,early
G7263C7E6,tagger.B,early
G7263DA86,tagger.B,early
G7263DD05,tagger.B,early
G7263E118,tagger.B,early
G7263E69B,tagger.B,early
G7263EF07,tagger.B,early
G7263F185,tagger.B,early
G7263F339,tagger.B,early
G726400C1,tagger.B,early
G726405FE,tagger.B,early
G72641B7C,tagger.B,early
G726421BC,tagger.B,early
G72642BC2,tagger.B,early
G72642C41,tagger.B,early
G72643D82,tagger.B,early
G72646C07,tagger.B,early
G726477BA,tagger.B,early
G726479A5,tagger.B,early
G72647E26,tagger.B,early
G7264888F,tagger.B,early
G72648B6D,tagger.B,early
G726494B1,tagger.B,early
G7264A40F,tagger.B,early
G7264A551,tagger.B,early
G7264BC50,tagger.B,early
G7264CB2B,tagger.B,early
G7264E028,tagger.B,early
G7264E517,tagger.B,early
G72651D65,tagger.B,early
G726526FB,tagger.B,early
G72652B06,tagger.B,early
G726531E5,tagger.B,early
G72653359,tagger.B,early
G7265457C,tagger.B,early
G7265469E,tagger.B,early
G72654B63,tagger.B,early
G72656CC3,tagger.B,early
G72659DE9,tagger.B,early
G7265A1F4,tagger.B,early
G7265A868,tagger.B,early
G7265AC09,tagger.B,early
G7265AFEB,tagger.B,early
G7265B037,tagger.B,early
G7265BC94,tagger.B,early
G7265CD32,tagger.B,early
G7268008C,tagger.B,early
G72681A6F,tagger.B,early
G72683B12,tagger.B,early
G726840CA,tagger.B,early
G72684ED5,tagger.B,early
G72685057,tagger.B,early
G72685109,tagger.B,early
G72685DAA,tagger.B,early
G7268676A,tagger.B,early
G72686975,tagger.B,early
G726878B6,tagger.B,early
G726888C2,tagger.B,early
G72688F41,tagger.B,early
G726891C3,tagger.B,early
G72689D60,tagger.B,early
G72689E82,tagger.B,early
G72689FDC,tagger.B,early
G7268A6FE,tagger.B,early
G7268B35C,tagger.B,early
G7268BD43,tagger.B,early
G7268C884,tagger.B,early
G7268D0DB,tagger.B,early
G7268D339,tagger.B,early
G7268E2D9,tagger.B,early
G7268E404,tagger.B,early
G7268E6B8,tagger.B,early
G72690048,tagger.B,early
G72690116,tagger.B,early
G72692E74,tagger.B,early
G726935C9,tagger.B,early
G72693A88,tagger.B,early
G72695093,tagger.B,early
G7269522F,tagger.B,early
G7269A1B9,tagger.B,early
G7269AC44,tagger.B,early
G7269E93D,tagger.B,early
G726A0CBE,tagger.B,early
G726A191C,tagger.B,early
G726A5AB8,tagger.B,early
G726A7484,tagger.B,early
G726A7766,tagger.B,early
G726A96D1,tagger.B,early
G726A978F,tagger.B,early
G726AC754,tagger.B,early
G726AE316,tagger.B,early
G726B081B,tagger.B,early
G726B5463,tagger.B,early
G726B64DD,tagger.B,early
G726B729D,tagger.B,early
G726B73C3,tagger.B,early
G726B7440,tagger.B,early
G726BA128,tagger.B,early
G726BA394,tagger.B,early
G726BD1D0,tagger.B,early
G726BD4EF,tagger.B,early
G726BE3D2,tagger.B,early
G726C1515,tagger.B,early
G726C2856,tagger.B,early
G726C8165,tagger.B,early
G726C88F9,tagger.B,early
G726C8A45,tagger.B,early
G726CA146,tagger.B,early
G726CC41C,tagger.B,early
G726CE89C,tagger.B,early
G726D176D,tagger.B,early
G726D2DAD,tagger.B,early
G726D7C28,tagger.B,early
G726D9403,tagger.B,early
G726DD6F9,tagger.B,early
G726E35A7,tagger.B,early
G726E4F21,tagger.B,early
G726EBCB7,tagger.B,early
G726EC5D3,tagger.B,early
G726EDA0F,tagger.B,early
G726EE953,tagger.B,early
G726EF433,tagger.B,early
G726F44C5,tagger.B,early
G726F4679,tagger.B,early
G726F4B84,tagger.B,early
G726F61D9,tagger.B,early
G726F691B,tagger.B,early
G726F7A64,tagger.B,early
G726F806E,tagger.B,early
G726F8B4E,tagger.B,early
G726FA42C,tagger.B,early
G726FB60D,tagger.B,early
G726FCF69,tagger.B,early
G726FDFF4,tagger.B,early
G727049CC,tagger.B,early
G7270782C,tagger.B,early
G727098C5,tagger.B,early
G72709A79,tagger.B,early
G7270C182,tagger.B,early
G7270C5E3,tagger.B,early
G7270D69C,tagger.B,early
G7270E243,tagger.B,early
G7270E83D,tagger.B,early
G7270FB42,tagger.B,early
G7270FF23,tagger.B,early
G7271018C,tagger.B,early
G7271104F,tagger.B,early
G727117CC,tagger.B,early
G727121AF,tagger.B,early
G72713A12,tagger.B,early
G72715CAA,tagger.B,early
G7271666A,tagger.B,early
G7271B1BE,tagger.B,early
G7271B25C,tagger.B,early
G7271C6C5,tagger.B,early
G7271DC26,tagger.B,early
G7271F725,tagger.B,early
G72722218,tagger.B,early
G72724803,tagger.B,early
G72725F1D,tagger.B,early
G7272625E,tagger.B,early
G72726BC2,tagger.B,early
G727286D6,tagger.B,early
G72729FD7,tagger.B,early
G7272A449,tagger.B,early
G7272A9B4,tagger.B,early
G7272B4D4,tagger.B,early
G7272D60D,tagger.B,early
G7272E38C,tagger.B,early
G7272F96F,tagger.B,early
G7272FA8D,tagger.B,early
G72730F02,tagger.B,early
G7273175D,tagger.B,early
G72732060,tagger.B,early
G72732F21,tagger.B,early
G72733241,tagger.B,early
G7273331F,tagger.B,early
G72733961,tagger.B,early
G727342B9,tagger.B,early
G7273453A,tagger.B,early
G72734CA6,tagger.B,early
G72734F44,tagger.B,early
G727368E4,tagger.B,early
G72736C85,tagger.B,early
G72737666,tagger.B,early
G72737927,tagger.B,early
G727380CF,tagger.B,early
G7273910C,tagger.B,early
G727393B0,tagger.B,early
G72739B72,tagger.B,early
G7273A1B2,tagger.B,early
G7273A970,tagger.B,early
G7273C70A,tagger.B,early
G7273CD74,tagger.B,early
G7273D475,tagger.B,early
G7273DF55,tagger.B,early
G7273EC09,tagger.B,early
G7273EEB5,tagger.B,early
G727409B1,tagger.B,early
G727426D3,tagger.B,early
G727428CC,tagger.B,early
G727447E8,tagger.B,early
G727451A8,tagger.B,early
G72745775,tagger.B,early
G72746CEB,tagger.B,early
G7274718B,tagger.B,early
G727496E1,tagger.B,early
G727498FE,tagger.B,early
G727499A0,tagger.B,late
G72749A42,tagger.B,late
G72749DC1,tagger.B,late
G7274A1DC,tagger.B,late
G7274AC21,tagger.B,late
G7274C486,tagger.B,late
G7274F059,tagger.B,late
G72750488,tagger.B,late
G72752808,tagger.B,late
G72756910,tagger.B,late
G72757DEC,tagger.B,late
G7275977B,tagger.B,late
G7275B606,tagger.B,late
G7275BAA5,tagger.B,late
G7275BC78,tagger.B,late
G7275CDDE,tagger.B,late
G7275E99C,tagger.B,late
G72762D62,tagger.B,late
G72765067,tagger.B,late
G727652DB,tagger.B,late
G72765CC4,tagger.B,late
G72766EC6,tagger.B,late
G72769211,tagger.B,late
G727694CC,tagger.B,late
G7276A790,tagger.B,late
G7276CCD5,tagger.B,late
G7276D0EB,tagger.B,late
G7276DC48,tagger.B,late
G7276E56A,tagger.B,late
G7276EB75,tagger.B,late
G7276FED7,tagger.B,late
G72770126,tagger.B,late
G72772686,tagger.B,late
G72774C9D,tagger.B,late
G72775B83,tagger.B,late
G72777842,tagger.B,late
G7277B3A8,tagger.B,late
G7277D02F,tagger.B,late
G727808A2,tagger.B,late
G727822FF,tagger.B,late
G72784E39,tagger.B,late
G727863E7,tagger.B,late
G72786E1A,tagger.B,late
G727874F9,tagger.B,late
G72787904,tagger.B,late
G7278876F,tagger.B,late
G7278E1D7,tagger.B,late
G727913DB,tagger.B,late
G72792704,tagger.B,late
G72796D3C,tagger.B,late
G72799357,tagger.B,late
G7279A155,tagger.B,late
G7279A788,tagger.B,late
G7279B64B,tagger.B,late
G7279C130,tagger.B,late
G7279CF2F,tagger.B,late
G7279D62E,tagger.B,late
G7279D96F,tagger.B,late
G727A1CCF,tagger.B,late
G727A53C8,tagger.B,late
G727AA05E,tagger.B,late
G727AA7DD,tagger.B,late
G727AD67B,tagger.B,late
G727AE8DA,tagger.B,late
G727AF1DB,tagger.B,late
G727B0DC8,tagger.B,late
G727B1675,tagger.B,late
G727B2477,tagger.B,late
G727B26CB,tagger.B,late
G727B3656,tagger.B,late
G727B412D,tagger.B,late
G727B4412,tagger.B,late
G727B7D30,tagger.B,late
G727B8664,tagger.B,late
G727BEEC3,tagger.B,late
G727C127A,tagger.B,late
G727C55BF,tagger.B,late
G727CC5AE,tagger.B,late
G727CD2B0,tagger.B,late
G727CF510,tagger.B,late
G727CF6F2,tagger.B,late
G727F23CF,tagger.B,late
G727F2B0D,tagger.B,late
G727F2DD0,tagger.B,late
G727F392C,tagger.B,late
G727F4577,tagger.B,late
G727F488A,tagger.B,late
G727F6389,tagger.B,late
G727F6D96,tagger.B,late
G727F724A,tagger.B,late
G727F7497,tagger.B,late
G727F7EE9,tagger.B,late
G727FB3DE,tagger.B,late
G727FD566,tagger.B,late
G727FEC44,tagger.B,late
G727FF2C6,tagger.B,late
G72802AD2,tagger.B,late
G7280316F,tagger.B,late
G7280510A,tagger.B,late
G72805435,tagger.B,late
G72805896,tagger.B,late
G728065D5,tagger.B,late
G72806637,tagger.B,late
G72807E68,tagger.B,late
G728082BF,tagger.B,late
G72809AE0,tagger.B,late
G7280BB9D,tagger.B,late
G7280CCE6,tagger.B,late
G7280D264,tagger.B,late
G7280D5E7,tagger.B,late
G7280E138,tagger.B,late
G7280E7E5,tagger.B,late
G7280EE79,tagger.B,late
G7280F5C4,tagger.B,late
G7280F626,tagger.B,late
G7280FFBA,tagger.B,late
G72810115,tagger.B,late
G728102F7,tagger.B,late
G728143EF,tagger.B,late
G72815852,tagger.B,late
G72817ACD,tagger.B,late
G7281A1BA,tagger.B,late
G7281AA9A,tagger.B,late
G7281B127,tagger.B,late
G7281B8BB,tagger.B,late
G7281F7BC,tagger.B,late
G72820CBD,tagger.B,late
G72825959,tagger.B,late
G728275D9,tagger.B,late
G72827BC6,tagger.B,late
G72828850,tagger.B,late
G7282A353,tagger.B,late
G7282AB91,tagger.B,late
G7282AC12,tagger.B,late
G7282AFF0,tagger.B,late
G7282C18A,tagger.B,late
G7282D049,tagger.B,late
G7282D576,tagger.B,late
G7282DCEA,tagger.B,late
G7282EEE8,tagger.B,late
G7282F555,tagger.B,late
G7282F7E9,tagger.B,late
G7282FA14,tagger.B,late
G7282FD97,tagger.B,late
G7282FF2B,tagger.B,late
G72830266,tagger.B,late
G72830BFA,tagger.B,late
G72832498,tagger.B,late
G7283313A,tagger.B,late
G7283355B,tagger.B,late
G728338A6,tagger.B,late
G728341C2,tagger.B,late
G72835782,tagger.B,late
G72836AC1,tagger.B,late
G72838569,tagger.B,late
G728404D5,tagger.B,late
G728421C9,tagger.B,late
G72842C34,tagger.B,late
G7284BAF8,tagger.B,late
G7284BBA6,tagger.B,late
G7284C07E,tagger.B,late
G7284F5FF,tagger.B,late
G72850D8D,tagger.B,late
G72850F31,tagger.B,late
G72851C4E,tagger.B,late
G7285210D,tagger.B,late
G728522EF,tagger.B,late
G728529CF,tagger.B,late
G72855869,tagger.B,late
G72857234,tagger.B,late
G72858240,tagger.B,late
G728585C3,tagger.B,late
G72858960,tagger.B,late
G728596BC,tagger.B,late
G72859F20,tagger.B,late
G7285AEC0,tagger.B,late
G7285CC19,tagger.B,late
G7285EBB9,tagger.B,late
G7285FA7A,tagger.B,late
G7285FF45,tagger.B,late
G728642DF,tagger.B,late
G72869C97,tagger.B,late
G7286A657,tagger.B,late
G72870823,tagger.B,late
G72876AFA,tagger.B,late
G72877526,tagger.B,late
G72878F2C,tagger.B,late
G7287B4B2,tagger.B,late
G7287D92A,tagger.B,late
G7287E469,tagger.B,late
G7287E994,tagger.B,late
G7287FD68,tagger.B,late
G72882184,tagger.B,late
G72882338,tagger.B,late
G72884203,tagger.B,late
G72884923,tagger.B,late
G72885C81,tagger.B,late
G72886220,tagger.B,late
G72887001,tagger.B,late
G728873E3,tagger.B,late
G72887782,tagger.B,late
G7288BF8A,tagger.B,late
G7288C033,tagger.B,late
G7288D0AE,tagger.B,late
G7289121C,tagger.B,late
G72891342,tagger.B,late
G72891ADE,tagger.B,late
G72892A60,tagger.B,late
G7289597A,tagger.B,late
G72895C45,tagger.B,late
G7289719B,tagger.B,late
G728974A4,tagger.B,late
G72897618,tagger.B,late
G7289A22E,tagger.B,late
G7289BE10,tagger.B,late
G7289C0F7,tagger.B,late
G7289D2D6,tagger.B,late
G7289D9F6,tagger.B,late
G7289E5EB,tagger.B,late
G7289EBF4,tagger.B,late
G7289F3AB,tagger.B,late
G728A27C8,tagger.B,late
G728A4A50,tagger.B,late
G728A50B3,tagger.B,late
G728A600D,tagger.B,late
G728A62B1,tagger.B,late
G728A63EF,tagger.B,late
G728A7090,tagger.B,late
G728A7852,tagger.B,late
G728A81BA,tagger.B,late
G728A8C47,tagger.B,late
G728AA5F8,tagger.B,late
G728AAAB9,tagger.B,late
G728AAD3A,tagger.B,late
G728AC4C3,tagger.B,late
G728AEBA1,tagger.B,late
G728B4A94,tagger.B,late
G728BA53C,tagger.B,late
G728BA8C1,tagger.B,late
G728BB902,tagger.B,late
G728BF0D8,tagger.B,late
G728C52A5,tagger.B,late
G728C926F,tagger.B,late
G728CA6B0,tagger.B,late
G728CBA8E,tagger.B,late
G728CEB0B,tagger.B,late
G728CEF6A,tagger.B,late
G728D387A,tagger.B,late
G728D70FE,tagger.B,late
G728E8943,tagger.B,late
G728EC225,tagger.B,late
G728EC644,tagger.B,late
G728EF179,tagger.B,late
G728F022B,tagger.B,late
G728F0AE9,tagger.B,late
G728FB59A,tagger.B,late
G728FC680,tagger.B,late
G72907907,tagger.B,late
G72909390,tagger.B,late
G729096AF,tagger.B,late
G7290D7B7,tagger.B,late
G7290DC97,tagger.B,late
G7290F017,tagger.B,late
G7291067A,tagger.B,late
G7291145B,tagger.B,late
G729173BD,tagger.B,late
G72917DA2,tagger.B,late
G7291A156,tagger.B,late
G7292AB7D,tagger.B,late
G7292CE27,tagger.B,late
G7292E47A,tagger.B,late
G7292F65B,tagger.B,late
G72932989,tagger.B,late
G72935971,tagger.B,late
G72939446,tagger.B,late
G7293AD64,tagger.B,late
G7293CD01,tagger.B,late
G7293EEC0,tagger.B,late
G7293F57D,tagger.B,late
G72940106,tagger.B,late
G729402E4,tagger.B,late
G72940CFB,tagger.B,late
G72941BE5,tagger.B,late
G72941C66,tagger.B,late
G7294207B,tagger.B,late
G729427F8,tagger.B,late
G72942F3A,tagger.B,late
G72943BC6,tagger.B,late
G72944E01,tagger.B,late
G729451DD,tagger.B,late
G72946A43,tagger.B,late
G729470A0,tagger.B,late
G72948757,tagger.B,late
G72949B69,tagger.B,late
G72949CEA,tagger.B,late
G7294A24B,tagger.B,late
G7294BCC9,tagger.B,late
G7294BE75,tagger.B,late
G7294BF2B,tagger.B,late
G7294D78C,tagger.B,late
G7294D8CD,tagger.B,late
G7294DB2F,tagger.B,late
G72951CA2,tagger.B,late
G72953B02,tagger.B,late
G72953C81,tagger.B,late
G72954F9B,tagger.B,late
G729565C6,tagger.B,late
G72956D04,tagger.B,late
G72958471,tagger.B,late
G729586CD,tagger.B,late
G72959FCC,tagger.B,late
G7295D277,tagger.B,late
G7295EB55,tagger.B,late
G72960BE9,tagger.B,late
G72963D8A,tagger.B,late
G7296672F,tagger.B,late
G7296750E,tagger.B,late
G7296857A,tagger.B,late
G7296A7E5,tagger.B,late
G729706D0,tagger.B,late
G729747C8,tagger.B,late
G729755E9,tagger.B,late
G7297B7BC,tagger.B,late
G7297CAB9,tagger.B,late
G7297D565,tagger.B,late
G7297DCF9,tagger.B,late
G7297E826,tagger.B,late
G7297FF38,tagger.B,late
G72985613,tagger.B,late
G72985BEE,tagger.B,late
G72986E6F,tagger.B,late
G7298748C,tagger.B,late
G7298782F,tagger.B,late
G72989A7A,tagger.B,late
G72989DF9,tagger.B,late
G7298A0BA,tagger.B,late
G7298C33D,tagger.B,late
G72990752,tagger.B,late
G729958C8,tagger.B,late
G72995CA9,tagger.B,late
G729978EB,tagger.B,late
G7299A541,tagger.B,late
G7299E284,tagger.B,late
G7299E459,tagger.B,late
G7299EDC5,tagger.B,late
G7299EF79,tagger.B,late
G7299F219,tagger.B,late
G7299F4C4,tagger.B,late
G7299F726,tagger.B,late
G729A05BB,tagger.B,late
G729A0FC5,tagger.B,late
G729A12A5,tagger.B,late
G729A2FE6,tagger.B,late
G729A3164,tagger.B,late
G729A663C,tagger.B,late
G729A707C,tagger.B,late
G729A7E63,tagger.B,late
G729A91CB,tagger.B,late
G729A94F4,tagger.B,late
G729AA44A,tagger.B,late
G729AB0B6,tagger.B,late
G729AB66B,tagger.B,late
G729ABFF7,tagger.B,late
G729ACCED,tagger.B,late
G729AD0D3,tagger.B,late
G729AD26F,tagger.B,late
G729AD94F,tagger.B,late
G729AF0F0,tagger.B,late
G729B0F01,tagger.B,late
G729B2E7C,tagger.B,late
G729B3BDE,tagger.B,late
G729B6025,tagger.B,late
G729B6F64,tagger.B,late
G729B8950,tagger.B,late
G729BA253,tagger.B,late
G729BDF56,tagger.B,late
G729BE72A,tagger.B,late
G729BE86B,tagger.B,late
G729BF3D6,tagger.B,late
G729C1351,tagger.B,late
G729C2B2D,tagger.B,late
G729C31CE,tagger.B,late
G729C5628,tagger.B,late
G729CCD19,tagger.B,late
G729CD079,tagger.B,late
G729D0637,tagger.B,late
G729D19EB,tagger.B,late
G729D57B2,tagger.B,late
G729D5DCC,tagger.B,late
G729D6C2C,tagger.B,late
G729DA2F9,tagger.B,late
G729DC29C,tagger.B,late
G729DE003,tagger.B,late
G729DEB23,tagger.B,late
G729E4EE6,tagger.B,late
G729EA3F2,tagger.B,late
G729EA6CD,tagger.B,late
G729EDEF7,tagger.B,late
G729F2DA5,tagger.B,late
G729F35FA,tagger.B,late
G729FD290,tagger.B,late
G72A015EC,tagger.B,late
G72A08C61,tagger.B,late
G72A0BF3D,tagger.B,late
G72A0E865,tagger.B,late
G72A13F75,tagger.B,late
G72A153B3,tagger.B,late
G72A165D0,tagger.B,late
G72A17A0C,tagger.B,late
G72A19BBB,tagger.B,late
G72A1BB98,tagger.B,late
G72A1D4BC,tagger.B,late
G72A1F1A0,tagger.B,late
G72A2081D,tagger.B,late
G72A20943,tagger.B,late
G72A221A2,tagger.B,late
G72A22BDC,tagger.B,late
G72A23061,tagger.B,late
G72A245A6,tagger.C,early
G72A2485B,tagger.C,early
G72A278E5,tagger.C,early
G72A2810D,tagger.C,early
G72A2A392,tagger.C,early
G72A2BBCD,tagger.C,early
G72A2BC4E,tagger.C,early
G72A2C14B,tagger.C,early
G72A2F937,tagger.C,early
G72A342E1,tagger.C,early
G72A3F131,tagger.C,early
G72A4054A,tagger.C,early
G72A41FA9,tagger.C,early
G72A4268B,tagger.C,early
G72A450AE,tagger.C,early
G72A45212,tagger.C,early
G72A4534C,tagger.C,early
G72A462AC,tagger.C,early
G72A496B9,tagger.C,early
G72A4A4BB,tagger.C,early
G72A4B2FB,tagger.C,early
G72A4BDBA,tagger.C,early
G72A4C73C,tagger.C,early
G72A4E220,tagger.C,early
G72A4FE1E,tagger.C,early
G72A50B91,tagger.C,early
G72A51E33,tagger.C,early
G72A53A71,tagger.C,early
G72A5462A,tagger.C,early
G72A56AAA,tagger.C,early
G72A605DB,tagger.C,early
G72A60C47,tagger.C,early
G72A61079,tagger.C,early
G72A6459D,tagger.C,early
G72A64B82,tagger.C,early
G72A6503F,tagger.C,early
G72A68136,tagger.C,early
G72A69837,tagger.C,early
G72A69A8B,tagger.C,early
G72A69FB4,tagger.C,early
G72A6E8CF,tagger.C,early
G72A6EF4C,tagger.C,early
G72A723E1,tagger.C,early
G72A74138,tagger.C,early
G72A781F2,tagger.C,early
G72A799AD,tagger.C,early
G72A79B11,tagger.C,early
G72A7A1D1,tagger.C,early
G72A7B2AE,tagger.C,early
G72A7B791,tagger.C,early
G72A7C5D5,tagger.C,early
G72A7C976,tagger.C,early
G72A7CBCA,tagger.C,early
G72A7D548,tagger.C,early
G72A7EC6A,tagger.C,early
G72A7F10A,tagger.C,early
G72A80507,tagger.C,early
G72A851BD,tagger.C,early
G72A8563E,tagger.C,early
G72A8643C,tagger.C,early
G72A86DA0,tagger.C,early
G72A8D7EC,tagger.C,early
G72A905C3,tagger.C,early
G72A956FA,tagger.C,early
G72A98CD3,tagger.C,early
G72AA0596,tagger.C,early
G72AA4A91,tagger.C,early
G72AA632E,tagger.C,early
G72AA6ED3,tagger.C,early
G72AAA467,tagger.C,early
G72AAA539,tagger.C,early
G72AAFC7E,tagger.C,early
G72AB6994,tagger.C,early
G72AB6B28,tagger.C,early
G72AB8303,tagger.C,early
G72ABCB87,tagger.C,early
G72AC2E3F,tagger.C,early
G72AC7626,tagger.C,early
G72ACD2E8,tagger.C,early
G72AD7161,tagger.C,early
G72AD77BC,tagger.C,early
G72AD82F7,tagger.C,early
G72ADA9F4,tagger.C,early
G72ADC78E,tagger.C,early
G72AE146E,tagger.C,early
G72AE1CAC,tagger.C,early
G72AF1957,tagger.C,early
G72AF2397,tagger.C,early
G72AFCD61,tagger.C,early
G72B0661A,tagger.C,early
G72B06805,tagger.C,early
G72B07F1B,tagger.C,early
G72B0920F,tagger.C,early
G72B09ACD,tagger.C,early
G72B0A78E,tagger.C,early
G72B0D969,tagger.C,early
G72B0DA8B,tagger.C,early
G72B0EB6B,tagger.C,early
G72B0F755,tagger.C,early
G72B11FBA,tagger.C,early
G72B12424,tagger.C,early
G72B14E3F,tagger.C,early
G72B15FFC,tagger.C,early
G72B1615D,tagger.C,early
G72B162BF,tagger.C,early
G72B1BF15,tagger.C,early
G72B1DA4F,tagger.C,early
G72B21212,tagger.C,early
G72B21673,tagger.C,early
G72B21B8E,tagger.C,early
G72B2454A,tagger.C,early
G72B263B4,tagger.C,early
G72B27277,tagger.C,early
G72B275F4,tagger.C,early
G72B27809,tagger.C,early
G72B2A1C2,tagger.C,early
G72B2B99D,tagger.C,early
G72B30774,tagger.C,early
G72B317E9,tagger.C,early
G72B32609,tagger.C,early
G72B337CA,tagger.C,early
G72B339D5,tagger.C,early
G72B34732,tagger.C,early
G72B36AEC,tagger.C,early
G72B3746E,tagger.C,early
G72B37530,tagger.C,early
G72B37B2F,tagger.C,early
G72B37E10,tagger.C,early
G72B3A685,tagger.C,early
G72B3ACFB,tagger.C,early
G72B3C3DF,tagger.C,early
G72B3C502,tagger.C,early
G72B3EF5F,tagger.C,early
G72B3FBA3,tagger.C,early
G72B4071A,tagger.C,early
G72B40D64,tagger.C,early
G72B44263,tagger.C,early
G72B45423,tagger.C,early
G72B45B62,tagger.C,early
G72B48B35,tagger.C,early
G72B52541,tagger.C,early
G72B57FE4,tagger.C,early
G72B5AD0F,tagger.C,early
G72B5D3E8,tagger.C,early
G72B61C36,tagger.C,early
G72B61D68,tagger.C,early
G72B61FD4,tagger.C,early
G72B62E34,tagger.C,early
G72B6366B,tagger.C,early
G72B6404E,tagger.C,early
G72B6526F,tagger.C,early
G72B6560E,tagger.C,early
G72B65811,tagger.C,early
G72B65F92,tagger.C,early
G72B6638F,tagger.C,early
G72B66F2C,tagger.C,early
G72B670F0,tagger.C,early
G72B67832,tagger.C,early
G72B68918,tagger.C,early
G72B68BA4,tagger.C,early
G72B69526,tagger.C,early
G72B696C4,tagger.C,early
G72B69F58,tagger.C,early
G72B6B164,tagger.C,early
G72B6DCFC,tagger.C,early
G72B6DF1E,tagger.C,early
G72B6F7FF,tagger.C,early
G72B72A91,tagger.C,early
G72B73F33,tagger.C,early
G72B745B5,tagger.C,early
G72B756CA,tagger.C,early
G72B75F56,tagger.C,early
G72B761F7,tagger.C,early
G72B7634B,tagger.C,early
G72B773D6,tagger.C,early
G72B77B14,tagger.C,early
G72B77F75,tagger.C,early
G72B7811E,tagger.C,early
G72B7B242,tagger.C,early
G72B7DD66,tagger.C,early
G72B7F1E6,tagger.C,early
G72B7FC1B,tagger.C,early
G72B81DB4,tagger.C,early
G72B92F72,tagger.C,early
G72B9334C,tagger.C,early
G72B98BBC,tagger.C,early
G72B9953E,tagger.C,early
G72B9A0BF,tagger.C,early
G72B9A580,tagger.C,early
G72B9A87D,tagger.C,early
G72B9B29E,tagger.C,early
G72B9F2D8,tagger.C,early
G72BA057A,tagger.C,early
G72BA2066,tagger.C,early
G72BA651F,tagger.C,early
G72BA6A5E,tagger.C,early
G72BAAEF5,tagger.C,early
G72BAB395,tagger.C,early
G72BAB8B5,tagger.C,early
G72BAC70C,tagger.C,early
G72BACAF1,tagger.C,early
G72BACC2C,tagger.C,early
G72BAD473,tagger.C,early
G72BAE1F2,tagger.C,early
G72BAE34E,tagger.C,early
G72BAE930,tagger.C,early
G72BAEC0F,tagger.C,early
G72BAEEB3,tagger.C,early
G72BAEFED,tagger.C,early
G72BAFC92,tagger.C,early
G72BB023D,tagger.C,early
G72BB065C,tagger.C,early
G72BB0FC0,tagger.C,early
G72BB3F7E,tagger.C,early
G72BB5DA7,tagger.C,early
G72BB7B59,tagger.C,early
G72BB8153,tagger.C,early
G72BB82B1,tagger.C,early
G72BB8E12,tagger.C,early
G72BB9713,tagger.C,early
G72BBA6F3,tagger.C,early
G72BBC2F7,tagger.C,early
G72BBDD2B,tagger.C,early
G72BBE068,tagger.C,early
G72BBE38A,tagger.C,early
G72BBFA8B,tagger.C,early
G72BC00EF,tagger.C,early
G72BC0253,tagger.C,early
G72BC112C,tagger.C,early
G72BC1390,tagger.C,early
G72BC2192,tagger.C,early
G72BC356E,tagger.C,early
G72BC368C,tagger.C,early
G72BC37D2,tagger.C,early
G72BC4EB6,tagger.C,early
G72BC64EB,tagger.C,early
G72BC7017,tagger.C,early
G72BC7B37,tagger.C,early
G72BC90FE,tagger.C,early
G72BC95C1,tagger.C,early
G72BCA040,tagger.C,early
G72BCAB60,tagger.C,early
G72BCB0DD,tagger.C,early
G72BCD35A,tagger.C,early
G72BCEDFB,tagger.C,early
G72BCFE84,tagger.C,early
G72BD22B4,tagger.C,early
G72BD5FB1,tagger.C,early
G72BD6571,tagger.C,early
G72BD8345,tagger.C,early
G72BDD7FF,tagger.C,early
G72BE15DC,tagger.C,early
G72BE361D,tagger.C,early
G72BE5867,tagger.C,early
G72BE8EED,tagger.C,early
G72BECB94,tagger.C,early
G72BEE64A,tagger.C,early
G72BF477F,tagger.C,early
G72BF57E2,tagger.C,early
G72BF6C7C,tagger.C,early
G72BF72FE,tagger.C,early
G72BF73A0,tagger.C,early
G72BF77C1,tagger.C,early
G72BF9728,tagger.C,early
G72BFCE6F,tagger.C,early
G72C01E96,tagger.C,early
G72C042EE,tagger.C,early
G72C043B0,tagger.C,early
G72C06F30,tagger.C,early
G72C0A879,tagger.C,early
G72C12492,tagger.C,early
G72C144F7,tagger.C,early
G72C18CFF,tagger.C,early
G72C194A0,tagger.C,early
G72C1AA01,tagger.C,early
G72C1BA9C,tagger.C,early
G72C20239,tagger.C,early
G72C238F9,tagger.C,early
G72C252E2,tagger.C,early
G72C265DF,tagger.C,early
G72C26822,tagger.C,early
G72C2C3AD,tagger.C,early
G72C2CDB2,tagger.C,early
G72C2CF0E,tagger.C,early
G72C3349E,tagger.C,early
G72C35BBA,tagger.C,early
G72C3A0EE,tagger.C,early
G72C3CD76,tagger.C,early
G72C411EC,tagger.C,early
G72C41731,tagger.C,early
G72C42DF1,tagger.C,early
G72C43E8E,tagger.C,early
G72C44CCA,tagger.C,early
G72C48C00,tagger.C,early
G72C4C766,tagger.C,early
G72C4D9E4,tagger.C,early
G72C4E27A,tagger.C,early
G72C4FB7B,tagger.C,early
G72C50977,tagger.C,early
G72C5A2F8,tagger.C,early
G72C66C78,tagger.C,early
G72C69672,tagger.C,early
G72C6972C,tagger.C,early
G72C69C0C,tagger.C,early
G72C6B36E,tagger.C,early
G72C6DA97,tagger.C,early
G72C6E109,tagger.C,early
G72C6F276,tagger.C,early
G72C70124,tagger.C,early
G72C71764,tagger.C,early
G72C72059,tagger.C,early
G72C722E5,tagger.C,early
G72C72566,tagger.C,early
G72C73D39,tagger.C,early
G72C7403C,tagger.C,early
G72C74DC1,tagger.C,early
G72C7559E,tagger.C,early
G72C75D5C,tagger.C,early
G72C76520,tagger.C,early
G72C7679C,tagger.C,early
G72C77360,tagger.C,early
G72C792D7,tagger.C,early
G72C79554,tagger.C,early
G72C7A0D5,tagger.C,early
G72C7A269,tagger.C,early
G72C7B695,tagger.C,early
G72C7BDB5,tagger.C,early
G72C7C872,tagger.C,early
G72C7F531,tagger.C,early
G72C7FCAD,tagger.C,early
G72C8013C,tagger.C,early
G72C81243,tagger.C,early
G72C81EE0,tagger.C,early
G72C830DC,tagger.C,early
G72C848E6,tagger.C,early
G72C84DD9,tagger.C,early
G72C874FB,tagger.C,early
G72C8882C,tagger.C,early
G72C8A610,tagger.C,early
G72C8ABED,tagger.C,early
G72C8D454,tagger.C,early
G72C8E708,tagger.C,early
G72C8FB36,tagger.C,early
G72C90344,tagger.C,early
G72C913D9,tagger.C,early
G72C91A45,tagger.C,early
G72C92085,tagger.C,early
G72C94822,tagger.C,early
G72C956A0,tagger.C,early
G72C98515,tagger.C,early
G72C9A468,tagger.C,early
G72C9ADF4,tagger.C,early
G72C9E88D,tagger.C,early
G72CA0BD3,tagger.C,early
G72CA140F,tagger.C,early
G72CA2D2D,tagger.C,early
G72CA2ECF,tagger.C,early
G72CACB19,tagger.C,early
G72CAD1FA,tagger.C,early
G72CAF845,tagger.C,early
G72CB31D7,tagger.C,early
G72CB7612,tagger.C,early
G72CBD060,tagger.C,early
G72CBEEC1,tagger.C,early
G72CC68FE,tagger.C,early
G72CC767C,tagger.C,early
G72CCA834,tagger.C,early
G72CCC093,tagger.C,early
G72CCC1CD,tagger.C,early
G72CCC710,tagger.C,early
G72CCCE8C,tagger.C,early
G72CCEB90,tagger.C,early
G72CD0640,tagger.C,early
G72CD3B03,tagger.C,early
G72CD40DB,tagger.C,early
G72CDB86D,tagger.C,early
G72CDFC4A,tagger.C,early
G72CE2A95,tagger.C,early
G72CE728C,tagger.C,early
G72CE82F8,tagger.C,early
G72CE89D8,tagger.C,early
G72CE9F98,tagger.C,early
G72CEC99E,tagger.C,early
G72CED903,tagger.C,early
G72CEEA5F,tagger.C,early
G72CEFFFD,tagger.C,early
G72CF15AE,tagger.C,early
G72CF164C,tagger.C,early
G72CF202F,tagger.C,early
G72CF28ED,tagger.C,early
G72CF2E30,tagger.C,early
G72CF2F6E,tagger.C,early
G72CF3870,tagger.C,early
G72CF62D5,tagger.C,early
G72CF7316,tagger.C,early
G72CF8AFE,tagger.C,early
G72CF9DE0,tagger.C,early
G72CFB03E,tagger.C,early
G72CFBC9D,tagger.C,early
G72CFCF87,tagger.C,early
G72CFD2E7,tagger.C,early
G72CFF126,tagger.C,early
G72D00C5B,tagger.C,early
G72D0369B,tagger.C,early
G72D041E0,tagger.C,early
G72D04663,tagger.C,early
G72D056FE,tagger.C,early
G72D0671E,tagger.C,early
G72D073E2,tagger.C,early
G72D07CA3,tagger.C,early
G72D07DFD,tagger.C,early
G72D089E8,tagger.C,early
G72D09EF6,tagger.C,early
G72D0BC69,tagger.C,early
G72D0D0AF,tagger.C,early
G72D0E52E,tagger.C,late
G72D0EE0E,tagger.C,late
G72D1201F,tagger.C,late
G72D1391E,tagger.C,late
G72D14CD9,tagger.C,late
G72D1820C,tagger.C,late
G72D19A53,tagger.C,late
G72D1AAED,tagger.C,late
G72D1AD6E,tagger.C,late
G72D1CC55,tagger.C,late
G72D1D389,tagger.C,late
G72D1E608,tagger.C,late
G72D1EBF5,tagger.C,late
G72D22114,tagger.C,late
G72D25870,tagger.C,late
G72D28FA4,tagger.C,late
G72D297FB,tagger.C,late
G72D29F39,tagger.C,late
G72D2DF7F,tagger.C,late
G72D2E1DE,tagger.C,late
G72D2E91C,tagger.C,late
G72D2EBA0,tagger.C,late
G72D2F8DF,tagger.C,late
G72D2F981,tagger.C,late
G72D2FCBE,tagger.C,late
G72D2FDE0,tagger.C,late
G72D3086F,tagger.C,late
G72D30D50,tagger.C,late
G72D321D0,tagger.C,late
G72D3314D,tagger.C,late
G72D34257,tagger.C,late
G72D35CD5,tagger.C,late
G72D3674B,tagger.C,late
G72D38F60,tagger.C,late
G72D39FFD,tagger.C,late
G72D3AB22,tagger.C,late
G72D3C558,tagger.C,late
G72D3DD07,tagger.C,late
G72D40BE3,tagger.C,late
G72D41F1F,tagger.C,late
G72D42481,tagger.C,late
G72D44085,tagger.C,late
G72D458DA,tagger.C,late
G72D489D3,tagger.C,late
G72D4918C,tagger.C,late
G72D495ED,tagger.C,late
G72D4A40D,tagger.C,late
G72D4BD0C,tagger.C,late
G72D4C6D4,tagger.C,late
G72D4CE16,tagger.C,late
G72D4D228,tagger.C,late
G72D4E174,tagger.C,late
G72D4E3C8,tagger.C,late
G72D506DA,tagger.C,late
G72D52A5A,tagger.C,late
G72D52F65,tagger.C,late
G72D549DD,tagger.C,late
G72D568A0,tagger.C,late
G72D59DEB,tagger.C,late
G72D5AAD6,tagger.C,late
G72D5C193,tagger.C,late
G72D5D7D3,tagger.C,late
G72D5D892,tagger.C,late
G72D602EE,tagger.C,late
G72D61273,tagger.C,late
G72D614AE,tagger.C,late
G72D626AC,tagger.C,late
G72D68942,tagger.C,late
G72D6DE1A,tagger.C,late
G72D6FA58,tagger.C,late
G72D70096,tagger.C,late
G72D70854,tagger.C,late
G72D71788,tagger.C,late
G72D72B95,tagger.C,late
G72D72D48,tagger.C,late
G72D753AF,tagger.C,late
G72D76311,tagger.C,late
G72D7A7BA,tagger.C,late
G72D7AA47,tagger.C,late
G72D7CF1D,tagger.C,late
G72D7D5FE,tagger.C,late
G72D7D742,tagger.C,late
G72D7DABF,tagger.C,late
G72D7DF80,tagger.C,late
G72D7F97E,tagger.C,late
G72D7FC41,tagger.C,late
G72D82670,tagger.C,late
G72D84274,tagger.C,late
G72D845F7,tagger.C,late
G72D85A2B,tagger.C,late
G72D861B5,tagger.C,late
G72D87CD5,tagger.C,late
G72D89D62,tagger.C,late
G72D8AC82,tagger.C,late
G72D8CB64,tagger.C,late
G72D8D4B8,tagger.C,late
G72D8D5E6,tagger.C,late
G72D8D75A,tagger.C,late
G72D8DC7A,tagger.C,late
G72D8EE78,tagger.C,late
G72D8EF26,tagger.C,late
G72D8F318,tagger.C,late
G72D902F6,tagger.C,late
G72D99DA6,tagger.C,late
G72D9A307,tagger.C,late
G72D9D143,tagger.C,late
G72D9E341,tagger.C,late
G72D9EFE2,tagger.C,late
G72D9F3DC,tagger.C,late
G72D9F45F,tagger.C,late
G72DA0141,tagger.C,late
G72DA0A61,tagger.C,late
G72DA123E,tagger.C,late
G72DA1D7F,tagger.C,late
G72DA26E1,tagger.C,late
G72DA29A0,tagger.C,late
G72DA2E23,tagger.C,late
G72DA3722,tagger.C,late
G72DA3ADF,tagger.C,late
G72DA47DA,tagger.C,late
G72DA5C67,tagger.C,late
G72DA62C6,tagger.C,late
G72DA6B5A,tagger.C,late
G72DA75D8,tagger.C,late
G72DA822F,tagger.C,late
G72DA864E,tagger.C,late
G72DA92B2,tagger.C,late
G72DAB512,tagger.C,late
G72DAC337,tagger.C,late
G72DAD7CB,tagger.C,late
G72DAEFB7,tagger.C,late
G72DAF8A9,tagger.C,late
G72DB3B45,tagger.C,late
G72DBE032,tagger.C,late
G72DC2715,tagger.C,late
G72DC2E89,tagger.C,late
G72DC41AD,tagger.C,late
G72DC56B3,tagger.C,late
G72DC58AC,tagger.C,late
G72DC65EF,tagger.C,late
G72DC6AAE,tagger.C,late
G72DC7F0C,tagger.C,late
G72DC8B19,tagger.C,late
G72DC8C9A,tagger.C,late
G72DCB1D9,tagger.C,late
G72DCB23B,tagger.C,late
G72DCC07F,tagger.C,late
G72DCD97E,tagger.C,late
G72DCE05C,tagger.C,late
G72DCE7DF,tagger.C,late
G72DCE89E,tagger.C,late
G72DCE9C0,tagger.C,late
G72DCEF1D,tagger.C,late
G72DCF0C1,tagger.C,late
G72DD0B51,tagger.C,late
G72DD0CD2,tagger.C,late
G72DD2B72,tagger.C,late
G72DD3D32,tagger.C,late
G72DD4B17,tagger.C,late
G72DD5348,tagger.C,late
G72DD6DE9,tagger.C,late
G72DD71D7,tagger.C,late
G72DD7654,tagger.C,late
G72DD7C2A,tagger.C,late
G72DD8620,tagger.C,late
G72DD877E,tagger.C,late
G72DD913E,tagger.C,late
G72DDA942,tagger.C,late
G72DDB57C,tagger.C,late
G72DDE5A7,tagger.C,late
G72DE135B,tagger.C,late
G72DE1664,tagger.C,late
G72DE6E5E,tagger.C,late
G72DEC48F,tagger.C,late
G72DEF10E,tagger.C,late
G72DF139F,tagger.C,late
G72DF295F,tagger.C,late
G72DF3DA3,tagger.C,late
G72DF6085,tagger.C,late
G72DF6847,tagger.C,late
G72DFBC71,tagger.C,late
G72DFC02A,tagger.C,late
G72DFD20B,tagger.C,late
G72DFD355,tagger.C,late
G72E03135,tagger.C,late
G72E045AC,tagger.C,late
G72E09C67,tagger.C,late
G72E0B5D8,tagger.C,late
G72E0C141,tagger.C,late
G72E0C3FD,tagger.C,late
G72E0F0A1,tagger.C,late
G72E0F21D,tagger.C,late
G72E111D2,tagger.C,late
G72E147D4,tagger.C,late
G72E150CA,tagger.C,late
G72E17488,tagger.C,late
G72E193E2,tagger.C,late
G72E226BA,tagger.C,late
G72E23D07,tagger.C,late
G72E242BE,tagger.C,late
G72E246DF,tagger.C,late
G72E271E2,tagger.C,late
G72E27FFD,tagger.C,late
G72E2832A,tagger.C,late
G72E284A9,tagger.C,late
G72E28ED7,tagger.C,late
G72E2A977,tagger.C,late
G72E2AEF4,tagger.C,late
G72E2BF37,tagger.C,late
G72E2C36C,tagger.C,late
G72E2C5B1,tagger.C,late
G72E2CD73,tagger.C,late
G72E2CFCF,tagger.C,late
G72E2D013,tagger.C,late
G72E2D98F,tagger.C,late
G72E2E1F3,tagger.C,late
G72E2E211,tagger.C,late
G72E2E4CC,tagger.C,late
G72E2F50F,tagger.C,late
G72E2F6ED,tagger.C,late
G72E32FE2,tagger.C,late
G72E33160,tagger.C,late
G72E336E3,tagger.C,late
G72E337BD,tagger.C,late
G72E33E21,tagger.C,late
G72E353B9,tagger.C,late
G72E36D18,tagger.C,late
G72E36EFA,tagger.C,late
G72E39BB1,tagger.C,late
G72E40C4D,tagger.C,late
G72E424AC,tagger.C,late
G72E46369,tagger.C,late
G72E465B4,tagger.C,late
G72E46BAB,tagger.C,late
G72E4A041,tagger.C,late
G72E4A7C2,tagger.C,late
G72E4ACE2,tagger.C,late
G72E4B182,tagger.C,late
G72E4C024,tagger.C,late
G72E4C445,tagger.C,late
G72E4DFF8,tagger.C,late
G72E4E99B,tagger.C,late
G72E4EA79,tagger.C,late
G72E508E8,tagger.C,late
G72E52157,tagger.C,late
G72E52468,tagger.C,late
G72E52A77,tagger.C,late
G72E54132,tagger.C,late
G72E5440D,tagger.C,late
G72E546B1,tagger.C,late
G72E54A12,tagger.C,late
G72E555CE,tagger.C,late
G72E59E24,tagger.C,late
G72E5CA9E,tagger.C,late
G72E5E740,tagger.C,late
G72E5F100,tagger.C,late
G72E602C3,tagger.C,late
G72E62A22,tagger.C,late
G72E66DE7,tagger.C,late
G72E6C58A,tagger.C,late
G72E7129A,tagger.C,late
G72E71B06,tagger.C,late
G72E74FBC,tagger.C,late
G72E75B40,tagger.C,late
G72E7828B,tagger.C,late
G72E7AE0B,tagger.C,late
G72E7B36B,tagger.C,late
G72E7C071,tagger.C,late
G72E83A63,tagger.C,late
G72E84766,tagger.C,late
G72E85A06,tagger.C,late
G72E86324,tagger.C,late
G72E86ED9,tagger.C,late
G72E879C7,tagger.C,late
G72E889B3,tagger.C,late
G72E8FC74,tagger.C,late
G72E91C59,tagger.C,late
G72E929D8,tagger.C,late
G72E92CE7,tagger.C,late
G72E93604,tagger.C,late
G72E9417F,tagger.C,late
G72E94A5F,tagger.C,late
G72E998B4,tagger.C,late
G72E99B56,tagger.C,late
G72E9DDCD,tagger.C,late
G72EA23F3,tagger.C,late
G72EA3E93,tagger.C,late
G72EA412A,tagger.C,late
G72EA5255,tagger.C,late
G72EA7AB4,tagger.C,late
G72EAF69B,tagger.C,late
G72EB0C55,tagger.C,late
G72EB2817,tagger.C,late
G72EB2BF5,tagger.C,late
G72EB3CEB,tagger.C,late
G72EB56F0,tagger.C,late
G72EB6AED,tagger.C,late
G72EB7B2E,tagger.C,late
G72EBB5FB,tagger.C,late
G72EBB806,tagger.C,late
G72EBCB1C,tagger.C,late
G72EBE6C2,tagger.C,late
G72EBF23E,tagger.C,late
G72EC5B63,tagger.C,late
G72ECA169,tagger.C,late
G72ECD612,tagger.C,late
G72ECEE6E,tagger.C,late
G72ECFFAD,tagger.C,late
G72ED35DD,tagger.C,late
G72ED67BA,tagger.C,late
G72ED9690,tagger.C,late
G72EDFE37,tagger.C,late
G72EE1C37,tagger.C,late
G72EE392B,tagger.C,late
G72EE5BF2,tagger.C,late
G72EE9146,tagger.C,late
G72EEA67B,tagger.C,late
G72EF0D30,tagger.C,late
G72EF3073,tagger.C,late
G72EF83A3,tagger.C,late
G72EF8883,tagger.C,late
G72EFA062,tagger.C,late
G72EFA55D,tagger.C,late
G72EFEA5A,tagger.C,late
G72F01346,tagger.C,late
G72F0391B,tagger.C,late
G72F06DA1,tagger.C,late
G72F07BE1,tagger.C,late
G72F0858A,tagger.C,late
G72F09028,tagger.C,late
G72F0A096,tagger.C,late
G72F0BE14,tagger.C,late
G72F18CD2,tagger.C,late
G72F1DAD4,tagger.C,late
G72F2E420,tagger.C,late
G72F2E69C,tagger.C,late
G72F2FD21,tagger.C,late
G72F3326E,tagger.C,late
G72F33BF2,tagger.C,late
G72F37856,tagger.C,late
G72F3A61E,tagger.C,late
G72F3AABD,tagger.C,late
G72F3ABE3,tagger.C,late
G72F3BA20,tagger.C,late
G72F3CAD8,tagger.C,late
G72F3D8F9,tagger.C,late
G72F408C0,tagger.C,late
G72F50804,tagger.C,late
G72F51E44,tagger.C,late
G72F532C4,tagger.C,late
G72F57C9D,tagger.C,late
G72F5842B,tagger.C,late
G72F589D6,tagger.C,late
G72F5AE76,tagger.C,late
G72F5CE13,tagger.C,late
G72F5EB0F,tagger.C,late
G72F613EC,tagger.C,late
G72F62733,tagger.C,late
G72F633CF,tagger.C,late
G72F65E57,tagger.C,late
G72F68DE2,tagger.C,late
G72F69840,tagger.C,late
G72F69BA2,tagger.C,late
G72F6BADF,tagger.C,late
G72F6BC02,tagger.C,late
G72F6C059,tagger.C,late
G72F70057,tagger.C,late
G72F7330B,tagger.C,late
G72F77B8F,tagger.C,late
G72F7F17D,tagger.C,late
G72F9234A,tagger.C,late
G72F940CD,tagger.C,late
G72F96252,tagger.C,late
G72F98A79,tagger.C,late
G72F99AE4,tagger.C,late
G72F9D0DC,tagger.C,late
G72FA0F9F,tagger.C,late
G72FA3F21,tagger.C,late
G72FA6666,tagger.C,late
G72FABC4F,tagger.C,late
G72FAE28B,tagger.C,late
G72FAF216,tagger.C,late
G72FB6E60,tagger.C,late
G72FBF40F,tagger.C,late
G72FC0F35,tagger.C,late
G72FC2A29,tagger.C,late
G72FC3276,tagger.C,late
G72FC50AF,tagger.C,late
G72FC51F1,tagger.C,late
G72FC784E,tagger.C,late
G72FC92D9,tagger.C,late
G72FC96B8,tagger.C,late
G72FCB427,tagger.C,late
G72FCCFFF,tagger.C,late
G72FCE1C3,tagger.C,late
G72FCED60,tagger.C,late
G72FD36D3,tagger.C,late
G72FD424A,tagger.C,late
G72FD5A15,tagger.C,late
G72FD7429,tagger.C,late
G72FDBC21,tagger.C,late
G72FDEF18,tagger.C,late
G72FDFABA,tagger.C,late
G72FE295A,tagger.C,late
G72FE6BA0,tagger.C,late
G72FE9A8A,tagger.C,late
G72FEB0D7,tagger.C,late
G72FEC8ED,tagger.C,late
G72FF2002,tagger.C,late
G72FF23E0,tagger.C,late
G72FF337D,tagger.C,late
G72FF35A0,tagger.C,late
G72FF6886,tagger.C,late
G72FF7AA7,tagger.C,late
G72FF8670,tagger.C,late
G72FFA653,tagger.C,late
G72FFB013,tagger.C,late
G72FFEBE8,tagger.C,late
